{"cameraMode":{"drawMode":0,"name":"Shaded","section":"Shading Mode"},"sceneLighting":true,"audioPlay":false,"sceneViewState":{"m_AlwaysRefresh":true,"showFog":true,"showSkybox":true,"showFlares":true,"showImageEffects":true,"showParticleSystems":true,"showVisualEffectGraphs":true,"m_FxEnabled":true},"in2DMode":false,"pivot":{"x":69.74897003173828,"y":2.723414421081543,"z":-86.68663787841797},"rotation":{"x":0.0007385635981336236,"y":0.9618266820907593,"z":0.0025865419302135708,"w":-0.2736636698246002},"size":9.98499870300293,"orthographic":false}